541618450	visit badges	2017-09-25 06:27:21.000000	Cumming	SHSRD78985U330364	Used	2005	Honda	CR-V	SE	SUV	null	8495.0000	126200	f	16 Inch Wheels:3-Point Seat Belts:6 Speakers:AM/FM:Adjustable Headrests:Adjustable Seats:Adjustable Steering Wheel:Air Conditioning:Air Filtration:Alloy Wheels:Anti-Lock Brakes:Anti-Theft System:Body Colored Bumpers:Body Colored Door Handles:Body Colored Side Moldings:CD (Multi Disc):Cargo Area Light:Cargo Area Tie Downs:Cassette:Child Safety Locks:Child Seat Anchors:Clock:Color Coded Mirrors:Cruise Control:Cup Holder:Door Pockets:Dual-Stage Front Airbags:Engine Immobilizer:Floor Mats:Front Airbags (Driver):Front Airbags (Passenger):Front Bucket Seats:Front Side Airbags (Driver):Glove Box:Halogen Headlights:Heated Seats:Intermittent Wipers:Keyless Entry:Leather Seats:Leather Steering Wheel:Leather Trimmed Interior:Low Fuel Level Indicator:MP3:Passenger Sensing Airbag:Power Locks:Power Mirrors:Power Outlet:Power Steering:Power Sun/Moonroof:Power Windows:Privacy Glass:Rear Air Conditioning:Rear Side Airbags:Rear Window Wiper:Remote Fuel Door Release:Removable Seats:Satellite Radio:Seat Belt Pretensioners:Side Airbag:Side Curtain Airbags:Side Impact Door Beam:Split/Folding Seats:Stability Control:Tachometer:Thermometer
541618450	display alternative	2017-09-25 06:27:17.000000	Cumming	SHSRD78985U330364	Used	2005	Honda	CR-V	SE	SUV	null	8495.0000	126200	f	16 Inch Wheels:3-Point Seat Belts:6 Speakers:AM/FM:Adjustable Headrests:Adjustable Seats:Adjustable Steering Wheel:Air Conditioning:Air Filtration:Alloy Wheels:Anti-Lock Brakes:Anti-Theft System:Body Colored Bumpers:Body Colored Door Handles:Body Colored Side Moldings:CD (Multi Disc):Cargo Area Light:Cargo Area Tie Downs:Cassette:Child Safety Locks:Child Seat Anchors:Clock:Color Coded Mirrors:Cruise Control:Cup Holder:Door Pockets:Dual-Stage Front Airbags:Engine Immobilizer:Floor Mats:Front Airbags (Driver):Front Airbags (Passenger):Front Bucket Seats:Front Side Airbags (Driver):Glove Box:Halogen Headlights:Heated Seats:Intermittent Wipers:Keyless Entry:Leather Seats:Leather Steering Wheel:Leather Trimmed Interior:Low Fuel Level Indicator:MP3:Passenger Sensing Airbag:Power Locks:Power Mirrors:Power Outlet:Power Steering:Power Sun/Moonroof:Power Windows:Privacy Glass:Rear Air Conditioning:Rear Side Airbags:Rear Window Wiper:Remote Fuel Door Release:Removable Seats:Satellite Radio:Seat Belt Pretensioners:Side Airbag:Side Curtain Airbags:Side Impact Door Beam:Split/Folding Seats:Stability Control:Tachometer:Thermometer
541618450	visit contact form	2017-09-25 06:27:15.000000	Cumming	SHSRD68535U302866	Used	2005	Honda	CR-V	LX	SUV	null	0.0000	113000	f	16 Inch Wheels:3-Point Seat Belts:4 Speakers:AM/FM:Adjustable Headrests:Adjustable Seats:Adjustable Steering Wheel:Air Conditioning:Air Filtration:Anti-Lock Brakes:Anti-Theft System:Body Side Moldings:CD (Single Disc):Cargo Area Light:Cargo Area Tie Downs:Cassette:Child Safety Locks:Child Seat Anchors:Clock:Cruise Control:Cup Holder:Door Pockets:Dual-Stage Front Airbags:Engine Immobilizer:Floor Mats:Front Airbags (Driver):Front Airbags (Passenger):Front Bucket Seats:Front Side Airbags (Driver):Glove Box:Halogen Headlights:Intermittent Wipers:Keyless Entry:Low Fuel Level Indicator:MP3:Passenger Sensing Airbag:Power Locks:Power Mirrors:Power Outlet:Power Steering:Power Windows:Rear Air Conditioning:Rear Side Airbags:Rear Window Wiper:Remote Fuel Door Release:Removable Seats:Seat Belt Pretensioners:Side Airbag:Side Curtain Airbags:Side Impact Door Beam:Split/Folding Seats:Stability Control:Steel Wheels:Tachometer
541618450	display alternative	2017-09-25 06:27:07.000000	Cumming	SHSRD68535U302866	Used	2005	Honda	CR-V	LX	SUV	null	0.0000	113000	f	16 Inch Wheels:3-Point Seat Belts:4 Speakers:AM/FM:Adjustable Headrests:Adjustable Seats:Adjustable Steering Wheel:Air Conditioning:Air Filtration:Anti-Lock Brakes:Anti-Theft System:Body Side Moldings:CD (Single Disc):Cargo Area Light:Cargo Area Tie Downs:Cassette:Child Safety Locks:Child Seat Anchors:Clock:Cruise Control:Cup Holder:Door Pockets:Dual-Stage Front Airbags:Engine Immobilizer:Floor Mats:Front Airbags (Driver):Front Airbags (Passenger):Front Bucket Seats:Front Side Airbags (Driver):Glove Box:Halogen Headlights:Intermittent Wipers:Keyless Entry:Low Fuel Level Indicator:MP3:Passenger Sensing Airbag:Power Locks:Power Mirrors:Power Outlet:Power Steering:Power Windows:Rear Air Conditioning:Rear Side Airbags:Rear Window Wiper:Remote Fuel Door Release:Removable Seats:Seat Belt Pretensioners:Side Airbag:Side Curtain Airbags:Side Impact Door Beam:Split/Folding Seats:Stability Control:Steel Wheels:Tachometer
541618450	visit badges	2017-09-25 06:27:07.000000	Cumming	SHSRD68535U302866	Used	2005	Honda	CR-V	LX	SUV	null	0.0000	113000	f	16 Inch Wheels:3-Point Seat Belts:4 Speakers:AM/FM:Adjustable Headrests:Adjustable Seats:Adjustable Steering Wheel:Air Conditioning:Air Filtration:Anti-Lock Brakes:Anti-Theft System:Body Side Moldings:CD (Single Disc):Cargo Area Light:Cargo Area Tie Downs:Cassette:Child Safety Locks:Child Seat Anchors:Clock:Cruise Control:Cup Holder:Door Pockets:Dual-Stage Front Airbags:Engine Immobilizer:Floor Mats:Front Airbags (Driver):Front Airbags (Passenger):Front Bucket Seats:Front Side Airbags (Driver):Glove Box:Halogen Headlights:Intermittent Wipers:Keyless Entry:Low Fuel Level Indicator:MP3:Passenger Sensing Airbag:Power Locks:Power Mirrors:Power Outlet:Power Steering:Power Windows:Rear Air Conditioning:Rear Side Airbags:Rear Window Wiper:Remote Fuel Door Release:Removable Seats:Seat Belt Pretensioners:Side Airbag:Side Curtain Airbags:Side Impact Door Beam:Split/Folding Seats:Stability Control:Steel Wheels:Tachometer
541618450	visit market report	2017-09-25 06:27:07.000000	Cumming	SHSRD68535U302866	Used	2005	Honda	CR-V	LX	SUV	null	0.0000	113000	f	16 Inch Wheels:3-Point Seat Belts:4 Speakers:AM/FM:Adjustable Headrests:Adjustable Seats:Adjustable Steering Wheel:Air Conditioning:Air Filtration:Anti-Lock Brakes:Anti-Theft System:Body Side Moldings:CD (Single Disc):Cargo Area Light:Cargo Area Tie Downs:Cassette:Child Safety Locks:Child Seat Anchors:Clock:Cruise Control:Cup Holder:Door Pockets:Dual-Stage Front Airbags:Engine Immobilizer:Floor Mats:Front Airbags (Driver):Front Airbags (Passenger):Front Bucket Seats:Front Side Airbags (Driver):Glove Box:Halogen Headlights:Intermittent Wipers:Keyless Entry:Low Fuel Level Indicator:MP3:Passenger Sensing Airbag:Power Locks:Power Mirrors:Power Outlet:Power Steering:Power Windows:Rear Air Conditioning:Rear Side Airbags:Rear Window Wiper:Remote Fuel Door Release:Removable Seats:Seat Belt Pretensioners:Side Airbag:Side Curtain Airbags:Side Impact Door Beam:Split/Folding Seats:Stability Control:Steel Wheels:Tachometer
541618450	visit features	2017-09-25 06:27:14.000000	Cumming	SHSRD68535U302866	Used	2005	Honda	CR-V	LX	SUV	null	0.0000	113000	f	16 Inch Wheels:3-Point Seat Belts:4 Speakers:AM/FM:Adjustable Headrests:Adjustable Seats:Adjustable Steering Wheel:Air Conditioning:Air Filtration:Anti-Lock Brakes:Anti-Theft System:Body Side Moldings:CD (Single Disc):Cargo Area Light:Cargo Area Tie Downs:Cassette:Child Safety Locks:Child Seat Anchors:Clock:Cruise Control:Cup Holder:Door Pockets:Dual-Stage Front Airbags:Engine Immobilizer:Floor Mats:Front Airbags (Driver):Front Airbags (Passenger):Front Bucket Seats:Front Side Airbags (Driver):Glove Box:Halogen Headlights:Intermittent Wipers:Keyless Entry:Low Fuel Level Indicator:MP3:Passenger Sensing Airbag:Power Locks:Power Mirrors:Power Outlet:Power Steering:Power Windows:Rear Air Conditioning:Rear Side Airbags:Rear Window Wiper:Remote Fuel Door Release:Removable Seats:Seat Belt Pretensioners:Side Airbag:Side Curtain Airbags:Side Impact Door Beam:Split/Folding Seats:Stability Control:Steel Wheels:Tachometer
541618450	visit market report	2017-09-25 06:27:17.000000	Cumming	SHSRD78985U330364	Used	2005	Honda	CR-V	SE	SUV	null	8495.0000	126200	f	16 Inch Wheels:3-Point Seat Belts:6 Speakers:AM/FM:Adjustable Headrests:Adjustable Seats:Adjustable Steering Wheel:Air Conditioning:Air Filtration:Alloy Wheels:Anti-Lock Brakes:Anti-Theft System:Body Colored Bumpers:Body Colored Door Handles:Body Colored Side Moldings:CD (Multi Disc):Cargo Area Light:Cargo Area Tie Downs:Cassette:Child Safety Locks:Child Seat Anchors:Clock:Color Coded Mirrors:Cruise Control:Cup Holder:Door Pockets:Dual-Stage Front Airbags:Engine Immobilizer:Floor Mats:Front Airbags (Driver):Front Airbags (Passenger):Front Bucket Seats:Front Side Airbags (Driver):Glove Box:Halogen Headlights:Heated Seats:Intermittent Wipers:Keyless Entry:Leather Seats:Leather Steering Wheel:Leather Trimmed Interior:Low Fuel Level Indicator:MP3:Passenger Sensing Airbag:Power Locks:Power Mirrors:Power Outlet:Power Steering:Power Sun/Moonroof:Power Windows:Privacy Glass:Rear Air Conditioning:Rear Side Airbags:Rear Window Wiper:Remote Fuel Door Release:Removable Seats:Satellite Radio:Seat Belt Pretensioners:Side Airbag:Side Curtain Airbags:Side Impact Door Beam:Split/Folding Seats:Stability Control:Tachometer:Thermometer
541618450	show badge detail	2017-09-25 06:27:18.000000	Cumming	SHSRD78985U330364	Used	2005	Honda	CR-V	SE	SUV	null	8495.0000	126200	f	16 Inch Wheels:3-Point Seat Belts:6 Speakers:AM/FM:Adjustable Headrests:Adjustable Seats:Adjustable Steering Wheel:Air Conditioning:Air Filtration:Alloy Wheels:Anti-Lock Brakes:Anti-Theft System:Body Colored Bumpers:Body Colored Door Handles:Body Colored Side Moldings:CD (Multi Disc):Cargo Area Light:Cargo Area Tie Downs:Cassette:Child Safety Locks:Child Seat Anchors:Clock:Color Coded Mirrors:Cruise Control:Cup Holder:Door Pockets:Dual-Stage Front Airbags:Engine Immobilizer:Floor Mats:Front Airbags (Driver):Front Airbags (Passenger):Front Bucket Seats:Front Side Airbags (Driver):Glove Box:Halogen Headlights:Heated Seats:Intermittent Wipers:Keyless Entry:Leather Seats:Leather Steering Wheel:Leather Trimmed Interior:Low Fuel Level Indicator:MP3:Passenger Sensing Airbag:Power Locks:Power Mirrors:Power Outlet:Power Steering:Power Sun/Moonroof:Power Windows:Privacy Glass:Rear Air Conditioning:Rear Side Airbags:Rear Window Wiper:Remote Fuel Door Release:Removable Seats:Satellite Radio:Seat Belt Pretensioners:Side Airbag:Side Curtain Airbags:Side Impact Door Beam:Split/Folding Seats:Stability Control:Tachometer:Thermometer
541618450	visit features	2017-09-25 06:27:03.000000	Cumming	SHSRD78883U130640	Used	2003	Honda	CR-V	EX	SUV	null	0.0000	115600	f	15 Inch Wheels:3-Point Seat Belts:6 Speakers:AM/FM:Adjustable Headrests:Adjustable Seats:Adjustable Steering Wheel:Air Conditioning:Air Filtration:All-Season Tires:Alloy Wheels:Anti-Lock Brakes:Armrests:Body Side Moldings:CD (Single Disc):Cargo Area Light:Cargo Area Tie Downs:Cassette:Child Safety Locks:Child Seat Anchors:Clock:Color Coded Mirrors:Cruise Control:Cup Holder:Door Pockets:Front Airbags (Driver):Front Airbags (Passenger):Front Bucket Seats:Front Headrests:Front Side Airbags (Driver):Glove Box:Intermittent Wipers:Keyless Entry:Low Fuel Level Indicator:MP3:Power Locks:Power Mirrors:Power Outlet:Power Steering:Power Sun/Moonroof:Power Windows:Privacy Glass:Rear Air Conditioning:Rear Bench Seat:Rear Window Wiper:Remote Fuel Door Release:Seat Belt Pretensioners:Side Airbags:Splash Guards:Split/Folding Seats:Tachometer
541618450	visit badges	2017-09-25 06:26:49.000000	Cumming	SHSRD78883U130640	Used	2003	Honda	CR-V	EX	SUV	null	0.0000	115600	f	15 Inch Wheels:3-Point Seat Belts:6 Speakers:AM/FM:Adjustable Headrests:Adjustable Seats:Adjustable Steering Wheel:Air Conditioning:Air Filtration:All-Season Tires:Alloy Wheels:Anti-Lock Brakes:Armrests:Body Side Moldings:CD (Single Disc):Cargo Area Light:Cargo Area Tie Downs:Cassette:Child Safety Locks:Child Seat Anchors:Clock:Color Coded Mirrors:Cruise Control:Cup Holder:Door Pockets:Front Airbags (Driver):Front Airbags (Passenger):Front Bucket Seats:Front Headrests:Front Side Airbags (Driver):Glove Box:Intermittent Wipers:Keyless Entry:Low Fuel Level Indicator:MP3:Power Locks:Power Mirrors:Power Outlet:Power Steering:Power Sun/Moonroof:Power Windows:Privacy Glass:Rear Air Conditioning:Rear Bench Seat:Rear Window Wiper:Remote Fuel Door Release:Seat Belt Pretensioners:Side Airbags:Splash Guards:Split/Folding Seats:Tachometer
541618450	visit market report	2017-09-25 06:26:48.000000	Cumming	SHSRD78883U130640	Used	2003	Honda	CR-V	EX	SUV	null	0.0000	115600	f	15 Inch Wheels:3-Point Seat Belts:6 Speakers:AM/FM:Adjustable Headrests:Adjustable Seats:Adjustable Steering Wheel:Air Conditioning:Air Filtration:All-Season Tires:Alloy Wheels:Anti-Lock Brakes:Armrests:Body Side Moldings:CD (Single Disc):Cargo Area Light:Cargo Area Tie Downs:Cassette:Child Safety Locks:Child Seat Anchors:Clock:Color Coded Mirrors:Cruise Control:Cup Holder:Door Pockets:Front Airbags (Driver):Front Airbags (Passenger):Front Bucket Seats:Front Headrests:Front Side Airbags (Driver):Glove Box:Intermittent Wipers:Keyless Entry:Low Fuel Level Indicator:MP3:Power Locks:Power Mirrors:Power Outlet:Power Steering:Power Sun/Moonroof:Power Windows:Privacy Glass:Rear Air Conditioning:Rear Bench Seat:Rear Window Wiper:Remote Fuel Door Release:Seat Belt Pretensioners:Side Airbags:Splash Guards:Split/Folding Seats:Tachometer
541618450	visit contact form	2017-09-25 06:27:03.000000	Cumming	SHSRD78883U130640	Used	2003	Honda	CR-V	EX	SUV	null	0.0000	115600	f	15 Inch Wheels:3-Point Seat Belts:6 Speakers:AM/FM:Adjustable Headrests:Adjustable Seats:Adjustable Steering Wheel:Air Conditioning:Air Filtration:All-Season Tires:Alloy Wheels:Anti-Lock Brakes:Armrests:Body Side Moldings:CD (Single Disc):Cargo Area Light:Cargo Area Tie Downs:Cassette:Child Safety Locks:Child Seat Anchors:Clock:Color Coded Mirrors:Cruise Control:Cup Holder:Door Pockets:Front Airbags (Driver):Front Airbags (Passenger):Front Bucket Seats:Front Headrests:Front Side Airbags (Driver):Glove Box:Intermittent Wipers:Keyless Entry:Low Fuel Level Indicator:MP3:Power Locks:Power Mirrors:Power Outlet:Power Steering:Power Sun/Moonroof:Power Windows:Privacy Glass:Rear Air Conditioning:Rear Bench Seat:Rear Window Wiper:Remote Fuel Door Release:Seat Belt Pretensioners:Side Airbags:Splash Guards:Split/Folding Seats:Tachometer
586486686	visit badges	2017-09-25 05:57:39.000000	Belgrade	3C3CFFAR7FT508459	Used	2015	Fiat	500	Pop	Hatchback	null	10995.0000	27276	f	Handsfree/Bluetooth Integration:MP3
586486686	visit features	2017-09-25 05:57:27.000000	Belgrade	2C3CA4CD5AH211373	Used	2010	Chrysler	300	Touring	Sedan	null	7995.0000	81016	f	Air Conditioning:Anti-Lock Brakes:Front Airbags (Driver):Front Side Airbags (Driver):Power Doors:Power Equipment:Power Windows
586486686	visit contact form	2017-09-25 05:57:27.000000	Belgrade	2C3CA4CD5AH211373	Used	2010	Chrysler	300	Touring	Sedan	null	7995.0000	81016	f	Air Conditioning:Anti-Lock Brakes:Front Airbags (Driver):Front Side Airbags (Driver):Power Doors:Power Equipment:Power Windows
586486686	visit market report	2017-09-25 05:55:26.000000	Belgrade	2C3CA4CD5AH211373	Used	2010	Chrysler	300	Touring	Sedan	null	7995.0000	81016	f	Air Conditioning:Anti-Lock Brakes:Front Airbags (Driver):Front Side Airbags (Driver):Power Doors:Power Equipment:Power Windows
586486686	display alternative	2017-09-25 05:57:25.000000	Belgrade	2C3CA4CD5AH211373	Used	2010	Chrysler	300	Touring	Sedan	null	7995.0000	81016	f	Air Conditioning:Anti-Lock Brakes:Front Airbags (Driver):Front Side Airbags (Driver):Power Doors:Power Equipment:Power Windows
586486686	visit badges	2017-09-25 05:57:26.000000	Belgrade	2C3CA4CD5AH211373	Used	2010	Chrysler	300	Touring	Sedan	null	7995.0000	81016	f	Air Conditioning:Anti-Lock Brakes:Front Airbags (Driver):Front Side Airbags (Driver):Power Doors:Power Equipment:Power Windows
586486686	visit features	2017-09-25 05:57:29.000000	Belgrade	2C3CA4CD5AH211373	Used	2010	Chrysler	300	Touring	Sedan	null	7995.0000	81016	f	Air Conditioning:Anti-Lock Brakes:Front Airbags (Driver):Front Side Airbags (Driver):Power Doors:Power Equipment:Power Windows
586486686	display alternative	2017-09-25 05:55:26.000000	Belgrade	2C3CA4CD5AH211373	Used	2010	Chrysler	300	Touring	Sedan	null	7995.0000	81016	f	Air Conditioning:Anti-Lock Brakes:Front Airbags (Driver):Front Side Airbags (Driver):Power Doors:Power Equipment:Power Windows
586486686	display alternative	2017-09-25 05:45:17.000000	Belgrade	1FMCU0GX6EUD00299	Used	2014	Ford	Escape	SE	SUV	null	0.0000	31899	f	17 Inch Wheels:3-Point Seat Belts:6 Speakers:AM/FM:Adjustable Headrests:Adjustable Lumbar Support:Adjustable Seats:Adjustable Steering Wheel:Air Conditioning:Air Filtration:Airbags:All-Season Tires:Anti-Lock Brakes:Anti-Theft System:Armrests:Automatic Headlights:Aux Audio Adapter:Blind Spot Monitor:Body Colored Door Handles:Body Colored Grille:Braking Assist:CD (Single Disc):Cargo Area Light:Cargo Area Tie Downs:Cargo Area Under Floor:Center Console:Child Safety Locks:Child Seat Anchors:Chrome Front Grill:Cloth Upholstery:Color Coded Mirrors:Compass:Cruise Control:Cup Holder:Digital Info Center:Dual Exhaust:Dual-Stage Front Airbags:EcoBoost:Floor Mats:Fog Lights:Front Airbags (Driver):Front Airbags (Passenger):Front Headrests:Front Knee Airbags (Driver):Glove Box:Halogen Headlights:Intermittent Wipers:Keyless Entry:MP3:MyKey System:Navigation System:Overhead Console:Passenger Sensing Airbag:Personal Safety System:Power Equipment:Power Locks:Power Mirrors:Power Outlet:Power Seat (Driver):Power Steering:Power Windows:Privacy Glass:Reading Lights:Rear Air Conditioning:Rear Window Wiper:SOS Post-Crash Alert System:Satellite Radio:Seat Belt Pretensioners:Seat Belt Warning System:Side Curtain Airbags:Side Impact Door Beam:Speed Sensitive Volume Control:Split/Folding Seats:Spoiler:Stability Control:Steering Wheel Controls:Sync:Tachometer:Thermometer:Tire Pressure Monitoring System:Traction Control:Trip Computer:Urethane Steering Wheel Trim:Voice-Activated Command System
586486686	visit market report	2017-09-25 05:45:17.000000	Belgrade	1FMCU0GX6EUD00299	Used	2014	Ford	Escape	SE	SUV	null	0.0000	31899	f	17 Inch Wheels:3-Point Seat Belts:6 Speakers:AM/FM:Adjustable Headrests:Adjustable Lumbar Support:Adjustable Seats:Adjustable Steering Wheel:Air Conditioning:Air Filtration:Airbags:All-Season Tires:Anti-Lock Brakes:Anti-Theft System:Armrests:Automatic Headlights:Aux Audio Adapter:Blind Spot Monitor:Body Colored Door Handles:Body Colored Grille:Braking Assist:CD (Single Disc):Cargo Area Light:Cargo Area Tie Downs:Cargo Area Under Floor:Center Console:Child Safety Locks:Child Seat Anchors:Chrome Front Grill:Cloth Upholstery:Color Coded Mirrors:Compass:Cruise Control:Cup Holder:Digital Info Center:Dual Exhaust:Dual-Stage Front Airbags:EcoBoost:Floor Mats:Fog Lights:Front Airbags (Driver):Front Airbags (Passenger):Front Headrests:Front Knee Airbags (Driver):Glove Box:Halogen Headlights:Intermittent Wipers:Keyless Entry:MP3:MyKey System:Navigation System:Overhead Console:Passenger Sensing Airbag:Personal Safety System:Power Equipment:Power Locks:Power Mirrors:Power Outlet:Power Seat (Driver):Power Steering:Power Windows:Privacy Glass:Reading Lights:Rear Air Conditioning:Rear Window Wiper:SOS Post-Crash Alert System:Satellite Radio:Seat Belt Pretensioners:Seat Belt Warning System:Side Curtain Airbags:Side Impact Door Beam:Speed Sensitive Volume Control:Split/Folding Seats:Spoiler:Stability Control:Steering Wheel Controls:Sync:Tachometer:Thermometer:Tire Pressure Monitoring System:Traction Control:Trip Computer:Urethane Steering Wheel Trim:Voice-Activated Command System
586486686	visit market report	2017-09-25 05:57:39.000000	Belgrade	3C3CFFAR7FT508459	Used	2015	Fiat	500	Pop	Hatchback	null	10995.0000	27276	f	Handsfree/Bluetooth Integration:MP3
586486686	visit contact form	2017-09-25 05:57:39.000000	Belgrade	3C3CFFAR7FT508459	Used	2015	Fiat	500	Pop	Hatchback	null	10995.0000	27276	f	Handsfree/Bluetooth Integration:MP3
